<?xml version="1.0" encoding="UTF-8"?>
<!DOCTYPE mapper PUBLIC "-//mybatis.org//DTD Mapper 3.0//EN" "http://mybatis.org/dtd/mybatis-3-mapper.dtd">

<mapper namespace="com.dao.LvyouxianluDao">

	<!-- 可根据自己的需求，是否要使用 -->
    <resultMap type="com.entity.LvyouxianluEntity" id="lvyouxianluMap">
        <result property="xianlumingcheng" column="xianlumingcheng"/>
        <result property="xianlufenlei" column="xianlufenlei"/>
        <result property="fengmiantu" column="fengmiantu"/>
        <result property="jingdianmingcheng" column="jingdianmingcheng"/>
        <result property="chufadi" column="chufadi"/>
        <result property="mudedi" column="mudedi"/>
        <result property="jiaotongfangshi" column="jiaotongfangshi"/>
        <result property="chuxingshijian" column="chuxingshijian"/>
        <result property="feiyongbaohan" column="feiyongbaohan"/>
        <result property="xingchengluxian" column="xingchengluxian"/>
        <result property="clicktime" column="clicktime"/>
        <result property="clicknum" column="clicknum"/>
        <result property="price" column="price"/>
    </resultMap>

	<select id="selectListVO"
		resultType="com.entity.vo.LvyouxianluVO" >
		SELECT * FROM lvyouxianlu  lvyouxianlu         
        <where> 1=1 ${ew.sqlSegment}</where>
	</select>
	
	<select id="selectVO"
		resultType="com.entity.vo.LvyouxianluVO" >
		SELECT  lvyouxianlu.* FROM lvyouxianlu  lvyouxianlu 	
 		<where> 1=1 ${ew.sqlSegment}</where>
	</select>

    <select id="selectListView"
		resultType="com.entity.view.LvyouxianluView" >

		SELECT  lvyouxianlu.* FROM lvyouxianlu  lvyouxianlu 	        
        <where> 1=1 ${ew.sqlSegment}</where>
	</select>
	
	<select id="selectView"
		resultType="com.entity.view.LvyouxianluView" >
		SELECT * FROM lvyouxianlu  lvyouxianlu <where> 1=1 ${ew.sqlSegment}</where>
	</select>
	
</mapper>