<?xml version="1.0" encoding="UTF-8"?>
<!DOCTYPE mapper PUBLIC "-//mybatis.org//DTD Mapper 3.0//EN" "http://mybatis.org/dtd/mybatis-3-mapper.dtd">

<mapper namespace="com.dao.ZuixinxianluDao">

	<!-- 可根据自己的需求，是否要使用 -->
    <resultMap type="com.entity.ZuixinxianluEntity" id="zuixinxianluMap">
        <result property="xianlumingcheng" column="xianlumingcheng"/>
        <result property="xianlufenlei" column="xianlufenlei"/>
        <result property="fengmiantu" column="fengmiantu"/>
        <result property="jingdianmingcheng" column="jingdianmingcheng"/>
        <result property="chufadi" column="chufadi"/>
        <result property="mudedi" column="mudedi"/>
        <result property="jiaotongfangshi" column="jiaotongfangshi"/>
        <result property="chuxingshijian" column="chuxingshijian"/>
        <result property="feiyongbaohan" column="feiyongbaohan"/>
        <result property="xingchengluxian" column="xingchengluxian"/>
        <result property="price" column="price"/>
    </resultMap>

	<select id="selectListVO"
		resultType="com.entity.vo.ZuixinxianluVO" >
		SELECT * FROM zuixinxianlu  zuixinxianlu         
        <where> 1=1 ${ew.sqlSegment}</where>
	</select>
	
	<select id="selectVO"
		resultType="com.entity.vo.ZuixinxianluVO" >
		SELECT  zuixinxianlu.* FROM zuixinxianlu  zuixinxianlu 	
 		<where> 1=1 ${ew.sqlSegment}</where>
	</select>

    <select id="selectListView"
		resultType="com.entity.view.ZuixinxianluView" >

		SELECT  zuixinxianlu.* FROM zuixinxianlu  zuixinxianlu 	        
        <where> 1=1 ${ew.sqlSegment}</where>
	</select>
	
	<select id="selectView"
		resultType="com.entity.view.ZuixinxianluView" >
		SELECT * FROM zuixinxianlu  zuixinxianlu <where> 1=1 ${ew.sqlSegment}</where>
	</select>
	
</mapper>